1,8,5,7,11,21,22,48
1,7,4,6,11,22,30,42
1,2,3,7,31,32,40,41
1,2,2,4,16,29,38,45
1,6,1,2,16,20,22,32
1,8,6,8,23,24,35,36
1,0,3,17,23,25,29,44
1,5,2,5,7,14,40,41
1,1,2,13,28,30,32,36
1,1,19,21,30,39,47,49
1,3,3,12,26,30,38,47
1,6,5,6,7,10,15,23
1,1,6,14,16,25,43,49
1,5,3,18,19,29,42,49
1,8,5,10,19,31,35,43
1,2,2,22,31,32,39,43
1,9,7,22,28,36,43,44
1,2,7,9,13,14,17,36
1,9,3,8,11,17,20,49
1,9,11,16,19,29,41,43
1,1,3,18,28,29,38,48
1,3,11,17,20,26,28,38
1,4,3,11,18,29,33,46
1,6,2,8,15,28,31,36
1,0,11,20,30,31,34,40
1,7,3,6,26,38,39,47
1,2,6,19,25,31,40,47
1,4,11,14,16,24,36,42
1,7,3,9,17,31,36,39
1,3,3,8,9,34,35,39
1,8,13,17,19,25,28,42
1,1,5,15,21,27,29,48
1,3,2,6,25,27,29,30
1,9,2,3,22,29,35,37
1,4,1,22,26,37,39,44
1,9,1,17,19,31,34,38
1,9,12,22,24,37,41,43
1,3,12,16,28,40,42,48
1,2,10,21,22,23,30,40
1,3,4,11,20,21,30,46
1,8,8,13,22,32,40,43
1,3,7,14,26,30,33,43
1,2,3,23,31,32,37,41
1,3,17,27,42,43,46,47
1,5,3,9,12,35,44,48
1,3,9,11,22,29,46,48
1,9,14,25,29,38,44,46
1,8,9,32,38,40,44,49
1,5,4,10,14,24,38,40
1,7,7,16,21,23,26,33
1,2,9,18,20,22,24,25
1,1,10,12,13,30,36,45
1,5,9,12,15,19,24,38
1,2,12,13,22,30,35,36
1,7,6,12,13,28,32,33
1,1,5,12,15,16,35,46
1,4,9,19,24,39,42,43
1,5,9,16,19,24,36,42
1,5,7,12,19,30,33,35
1,7,11,28,31,36,38,42
1,7,1,24,30,33,39,47
1,6,13,20,22,41,42,49
1,0,4,9,15,19,26,48
1,6,7,18,22,38,39,49
1,3,5,6,17,19,27,38
1,9,2,12,18,34,35,44
1,5,4,5,17,25,27,35
1,8,4,26,27,40,44,46
1,3,6,9,10,22,32,43
1,6,6,8,23,24,25,46
1,1,16,19,25,36,39,48
1,9,20,28,31,36,44,45
1,1,5,8,14,23,29,38
1,4,6,22,39,41,43,49
1,2,11,15,16,26,32,36
1,8,2,18,23,26,42,46
1,8,24,32,36,37,45,48
1,5,3,12,15,26,34,36
1,2,17,18,42,46,47,49
1,1,7,9,16,17,26,32
1,4,4,18,29,33,42,44
1,5,10,15,16,18,35,37
1,1,7,8,17,31,44,48
1,3,4,18,21,29,36,43
1,5,25,26,30,32,39,46
1,7,8,9,11,19,31,48
1,1,5,13,24,28,38,47
1,3,5,13,16,33,34,44
1,9,10,16,24,32,43,45
1,4,4,7,12,27,31,38
1,9,3,12,23,33,36,41
1,3,1,7,10,23,25,40
1,6,7,10,29,30,34,46
1,4,3,22,30,36,38,43
1,1,5,7,8,11,20,24
1,0,4,6,20,28,42,48
1,4,14,17,21,37,42,47
1,9,6,12,32,39,43,46
1,1,13,16,28,38,48,49
1,8,18,24,28,30,35,49
1,4,3,4,25,46,47,48
1,3,12,13,22,23,40,44
1,1,3,7,23,34,35,48
1,6,6,10,30,35,38,48
1,3,2,14,34,35,40,41
1,9,1,19,23,25,28,30
1,1,9,11,20,21,26,42
1,8,2,7,22,30,32,39
1,9,9,21,24,37,39,42
1,4,2,5,6,16,21,31
1,9,2,7,13,16,27,34
1,0,10,13,16,29,40,44
1,5,5,13,17,19,31,41
1,0,20,21,24,27,28,43
1,2,12,23,27,35,42,47
1,1,3,6,11,21,43,44
1,5,6,11,12,17,42,47
1,5,6,20,28,33,38,43
1,5,12,21,30,32,41,44
1,4,1,6,7,13,28,34
1,3,2,18,26,32,36,39
1,8,6,10,15,18,41,44
1,0,6,10,22,24,38,41
1,3,3,4,18,25,26,45
1,2,5,17,26,29,37,39
1,5,3,17,26,29,31,41
1,0,5,6,19,34,41,49
1,5,9,15,20,25,33,38
1,7,14,26,28,30,33,38
1,3,9,10,11,12,13,37
1,7,6,8,11,20,40,41
1,1,5,6,7,21,31,45
1,5,3,11,15,22,37,40
1,6,3,24,30,36,41,46
1,8,2,5,10,15,29,49
1,4,1,3,22,28,31,35
1,7,7,9,10,18,23,36
1,5,14,15,16,25,29,47
1,3,14,18,21,25,39,43
1,2,18,19,23,39,40,47
1,6,6,11,17,18,32,33
1,3,8,23,24,32,38,45
1,3,7,11,25,27,33,39
1,9,16,32,38,43,44,49
1,6,1,6,14,40,42,47
1,3,4,31,34,35,36,46
1,5,9,13,16,19,39,48
1,4,1,3,21,23,39,42
1,6,4,7,24,31,33,45
1,8,6,19,21,32,34,37
1,0,1,23,32,34,36,44
1,9,12,14,16,26,27,31
1,0,11,15,27,29,30,48
1,1,1,12,25,35,42,49
1,8,22,23,28,30,31,35
1,4,4,9,21,26,39,43
1,7,4,14,24,30,41,48
1,9,6,8,17,31,33,49
1,8,1,8,9,13,41,45
1,2,14,24,28,32,37,47
1,6,10,13,14,19,25,31
1,0,4,5,18,26,34,48
1,9,1,5,6,11,25,37
1,6,8,11,24,32,33,44
1,7,7,17,24,30,38,46
1,3,4,10,14,23,32,35
1,2,1,16,21,29,44,47
1,6,9,11,22,29,30,41
1,6,5,8,12,18,26,43
1,6,16,17,22,28,44,46
1,9,3,4,6,10,24,32
1,5,14,25,33,38,43,45
1,7,10,36,43,44,45,48
1,7,15,20,22,27,39,49
1,6,17,19,28,36,37,38
1,3,10,17,41,42,43,46
1,6,5,11,19,20,32,43
1,5,1,19,33,38,39,46
1,1,8,11,22,29,46,47
1,9,11,12,15,29,41,48
1,8,1,7,18,27,37,47
1,6,6,8,22,38,43,47
1,5,7,27,42,45,46,47
1,2,21,22,29,37,40,49
1,9,12,13,14,23,25,47
1,5,6,25,26,27,28,47
1,3,21,23,29,36,41,42
1,6,24,27,31,42,44,46
1,1,3,18,31,35,41,42
1,0,20,25,27,30,38,43
1,0,2,20,25,41,45,49
1,7,3,16,22,36,46,48
1,5,1,6,7,16,19,41
1,6,4,8,10,28,32,42
1,1,15,21,23,39,43,48
1,9,6,12,23,25,40,46
1,1,3,4,5,19,30,41
1,1,13,16,19,27,39,48
1,4,6,7,26,27,30,46
1,8,7,16,22,29,32,38
1,8,12,20,23,28,34,43
1,9,14,20,37,41,44,47
1,6,2,11,15,36,46,47
1,7,14,29,33,37,39,46
1,7,3,5,14,17,39,44
1,7,4,11,21,22,34,35
1,6,1,3,7,11,23,36
1,6,7,9,20,38,41,43
1,9,3,6,7,9,18,45
1,7,2,6,26,38,40,43
1,3,7,13,14,29,35,41
1,1,3,7,20,27,39,49
1,5,14,15,16,34,40,47
1,7,2,11,26,30,33,38
1,0,4,6,14,27,28,46
1,2,4,8,11,12,14,29
1,0,2,3,11,24,31,44
1,6,8,20,23,24,37,48
1,0,15,16,22,29,41,48
1,0,2,12,22,34,40,45
1,0,1,4,5,18,26,43
1,2,8,12,15,37,41,48
1,4,6,16,21,32,35,38
1,3,16,20,31,33,42,45
1,7,3,19,28,29,33,41
1,2,10,11,35,37,41,42
1,1,14,17,18,32,42,47
1,4,5,12,13,33,38,39
1,9,11,19,20,30,35,42
1,2,9,18,34,43,45,48
1,6,5,17,18,30,31,42
1,7,18,19,20,22,33,43
1,6,4,17,30,41,46,47
1,5,18,25,30,37,39,44
1,4,4,7,16,20,31,36
1,1,7,10,15,35,38,39
1,0,7,13,29,36,42,48
1,9,6,10,15,24,28,45
1,3,3,9,14,26,30,42
1,2,16,22,24,28,38,48
1,7,2,3,26,44,45,46
1,2,3,16,26,30,36,42
1,8,8,12,16,23,28,44
1,1,2,3,16,18,20,35
1,1,1,12,13,22,43,47
1,2,2,19,26,28,44,46
1,5,2,6,15,22,26,28
1,2,1,4,5,24,30,42
1,3,8,12,17,29,37,44
1,9,10,14,18,24,33,44
1,7,6,15,16,31,33,34
1,8,1,2,16,22,39,49
1,8,18,31,32,33,40,41
1,4,7,11,12,25,28,33
1,1,5,26,37,38,40,49
1,5,15,17,22,28,29,41
1,0,9,10,19,23,28,41
1,2,4,17,18,24,39,49
1,2,4,6,18,22,29,36
1,0,1,18,29,33,47,49
1,9,7,9,17,26,29,40
1,6,5,12,24,33,40,45
1,4,4,11,17,25,39,48
1,3,14,15,20,25,28,41
1,3,1,8,24,29,31,48
1,9,9,19,21,33,48,49
1,8,12,17,23,29,42,46
1,9,14,19,36,41,43,46
1,1,3,6,10,24,37,47
1,8,3,10,12,26,31,44
1,7,6,12,29,35,42,47
1,4,3,30,32,37,44,48
1,6,1,3,6,24,31,43
1,3,9,13,21,24,27,36
1,1,1,7,10,22,33,46
1,8,13,18,21,32,34,47
1,5,9,15,19,22,40,41
1,4,8,14,17,26,27,45
1,8,1,23,30,35,43,47
1,0,3,12,27,36,42,45
1,6,10,13,31,34,46,48
1,0,14,18,19,25,35,46
1,8,9,21,23,31,34,39
1,3,7,12,14,15,19,46
1,0,2,16,25,26,27,40
1,3,12,14,16,19,29,47
1,9,18,23,33,34,40,48
1,8,10,18,19,31,33,47
1,5,10,16,25,28,34,49
1,4,2,17,19,32,34,38
1,8,18,20,30,32,43,45
1,3,24,26,32,35,38,39
1,6,1,13,16,29,30,31
1,5,5,13,23,31,47,48
1,7,7,10,15,25,37,49
1,9,1,8,10,16,17,40
1,3,7,10,33,37,43,46
1,7,10,13,32,37,46,48
1,4,20,26,30,39,47,49
1,6,9,11,26,29,35,46
1,5,4,10,15,37,44,49
1,0,9,10,16,22,31,44
1,5,1,3,31,33,40,41
1,1,1,5,9,13,26,41
1,6,1,10,17,23,28,38
1,4,6,19,25,30,33,42
1,2,1,4,38,39,46,47
1,7,2,13,17,35,36,49
1,9,5,14,15,20,22,38
1,8,1,5,11,13,20,49
1,4,8,15,16,17,27,35
1,6,1,6,9,21,26,37
1,6,14,26,28,30,36,43
1,5,2,11,14,35,39,49
1,9,16,32,34,37,42,44
1,5,10,19,20,31,39,41
1,9,5,13,15,26,30,44
1,4,10,13,19,26,31,41
1,4,2,5,29,46,47,48
1,6,6,9,10,21,30,36
1,3,5,9,17,24,39,45
1,2,19,25,30,35,40,46
1,3,5,6,22,31,35,42
1,6,2,5,30,33,44,48
1,5,6,13,21,27,38,45
1,7,7,12,13,33,48,49
1,1,2,8,12,17,19,27
1,8,8,19,35,40,41,43
1,3,2,6,10,11,34,44
1,4,4,5,28,32,44,49
1,9,4,6,8,15,26,30
1,0,4,16,18,37,38,42
1,7,1,34,37,40,44,49
1,7,10,14,20,27,33,41
1,5,1,18,22,30,34,44
1,5,1,18,20,28,40,49
1,5,5,25,29,43,47,48
1,1,5,6,7,17,18,39
1,2,6,13,23,26,30,33
1,6,15,21,26,34,42,43
1,0,6,25,26,33,45,47
1,9,11,12,17,23,43,49
1,2,6,14,28,30,37,39
1,1,2,10,30,34,41,49
1,5,23,28,30,31,37,45
1,2,6,14,16,35,42,48
1,9,1,8,22,32,33,43
1,3,3,7,31,37,40,41
1,1,8,14,18,25,30,36
1,0,7,11,18,19,21,27
1,0,1,3,6,11,24,43
1,8,2,3,15,20,31,35
1,2,3,34,35,37,46,47
1,5,1,8,11,18,24,29
1,4,4,15,18,21,32,45
1,2,11,15,38,41,44,46
1,1,7,20,25,26,34,37
1,1,1,5,6,17,28,41
1,5,14,21,32,33,35,48
1,2,22,29,35,37,39,47
1,9,7,13,19,29,38,41
1,5,16,32,33,40,42,43
1,7,2,21,26,32,36,48
1,6,11,15,18,43,44,45
1,8,5,7,8,26,28,36
1,6,1,12,19,26,30,48
1,8,9,32,35,38,42,43
1,5,6,13,20,33,39,41
1,1,2,6,9,19,20,47
1,8,13,19,20,38,39,44
1,3,1,2,6,15,38,39
1,7,4,27,28,31,38,44
1,9,26,32,41,42,45,47
1,6,1,10,12,19,21,47
1,9,5,16,39,43,47,48
1,8,13,18,36,40,42,48
1,3,11,17,32,34,37,49
1,4,33,34,38,42,43,44
1,2,6,24,28,29,34,35
1,7,3,21,23,38,39,42
1,1,4,11,18,22,30,45
1,3,1,3,4,22,29,30
1,3,27,29,37,42,45,47
1,2,5,13,21,37,39,48
1,7,12,14,17,22,45,46
1,1,20,27,29,32,34,38
1,3,3,4,23,27,28,37
1,1,10,11,13,28,39,40
1,9,5,9,11,14,26,39
1,5,1,2,14,17,25,49
1,7,6,9,15,38,41,42
1,9,3,13,19,21,25,42
1,8,2,16,28,37,39,49
1,6,14,22,28,30,41,46
1,6,3,12,22,32,45,46
1,4,7,13,18,33,36,39
1,9,17,20,24,25,27,41
1,3,1,5,7,25,42,46
1,4,1,3,4,9,28,32
1,4,12,22,29,30,31,38
1,2,1,19,22,23,41,45
1,6,3,7,16,26,28,35
1,8,4,12,17,26,46,49
1,1,7,15,16,25,26,40
1,0,4,12,23,27,31,40
1,6,4,15,18,21,22,38
1,6,1,9,11,25,26,49
1,2,9,21,24,25,28,47
1,8,5,8,9,18,22,36
1,2,1,6,7,22,41,49
1,1,2,7,28,39,40,47
1,5,10,11,14,24,26,48
1,7,12,18,21,27,30,36
1,0,19,23,27,30,41,48
1,7,1,11,12,19,25,32
1,3,25,31,34,37,39,42
1,5,3,4,18,36,37,49
1,8,4,5,12,18,20,33
1,4,16,26,30,31,32,47
1,8,9,18,26,38,39,42
1,1,7,19,32,45,47,48
1,3,1,2,23,26,36,43
1,7,1,15,29,34,37,44
1,3,6,13,19,25,26,44
1,1,23,24,25,27,29,49
1,7,9,17,24,27,36,48
1,3,24,31,32,35,37,46
1,4,6,17,18,28,33,37
1,7,4,6,16,26,29,42
1,1,29,30,32,33,36,44
1,1,2,6,16,22,44,49
1,4,4,6,7,39,41,44
1,6,13,23,27,38,43,46
1,4,13,17,29,38,41,42
1,8,2,3,15,22,35,47
1,0,7,33,34,39,40,47
1,2,2,3,17,23,27,40
1,7,18,22,30,36,44,49
1,1,8,25,31,32,33,38
1,1,17,19,21,27,36,41
1,7,5,27,37,41,45,47
1,0,12,15,18,26,27,33
1,3,14,20,29,30,35,37
1,5,21,22,23,34,36,49
1,5,14,18,19,23,37,49
1,7,1,10,18,39,41,49
1,6,5,15,25,27,47,49
1,3,6,9,29,36,38,49
1,2,2,10,29,35,45,48
1,6,16,23,25,28,32,49
1,9,2,11,19,24,28,49
1,3,5,7,9,21,29,34
1,6,3,5,8,14,33,34
1,3,12,16,19,28,33,48
1,3,8,14,18,27,40,49
1,6,11,16,17,18,30,40
1,9,21,26,27,31,35,47
1,3,3,9,28,30,36,46
1,6,10,15,19,23,38,44
1,6,17,20,25,31,33,37
1,1,4,18,19,23,33,46
1,4,11,15,16,17,19,45
1,6,11,20,21,24,30,49
1,7,3,6,17,20,21,42
1,7,7,9,10,13,35,40
1,4,4,7,10,11,13,38
1,1,4,10,15,25,34,46
1,8,1,18,29,32,36,42
1,1,1,20,22,24,33,36
1,9,3,8,15,18,21,31
1,6,3,7,14,21,46,47
1,7,7,14,24,37,38,43
1,7,1,7,11,16,19,37
1,5,6,23,35,40,45,46
1,7,2,5,9,12,20,35
1,9,24,28,29,32,34,48
1,9,11,17,20,26,37,43
1,8,9,16,25,28,30,32
1,2,3,12,13,17,18,33
1,9,11,18,19,29,35,43
1,7,7,12,16,20,25,46
1,0,2,3,9,14,17,27
1,9,5,6,18,23,30,40
1,4,8,13,35,38,39,44
1,6,4,11,31,32,38,39
1,0,17,19,31,37,45,46
1,0,11,12,14,27,37,48
1,8,10,15,31,34,35,45
1,0,5,14,32,37,46,47
1,6,3,22,24,25,43,45
1,0,5,6,14,16,31,48
1,2,3,13,25,27,32,48
1,4,3,11,15,18,33,45
1,7,3,5,18,31,37,45
1,6,4,22,24,34,36,43
1,8,3,6,8,26,29,38
1,5,5,9,13,20,39,48
1,5,15,20,25,28,33,41
1,8,17,20,27,35,41,45
1,6,6,16,20,22,23,24
1,2,15,18,26,27,37,42
1,7,3,6,8,29,40,47
1,6,18,27,33,41,44,47
1,6,6,15,32,36,43,47
1,8,5,24,28,37,40,44
1,1,5,24,28,30,35,42
1,8,8,19,34,35,40,49
1,7,13,18,30,38,45,48
1,7,1,7,17,22,29,46
1,0,20,26,29,38,43,48
1,1,3,16,27,34,42,45
1,7,1,23,25,31,38,47
1,5,1,8,12,15,46,48
1,7,13,23,28,30,33,46
1,8,12,15,19,27,34,47
1,5,9,20,25,27,44,48
1,6,4,9,33,34,42,47
1,8,2,4,7,10,35,37
1,5,12,15,19,23,29,38
1,6,4,6,10,11,17,25
1,4,2,9,11,33,47,48
1,7,3,5,12,19,42,44
1,7,1,5,17,31,34,49
1,5,3,9,25,31,37,43
1,0,23,27,29,36,38,42
1,9,2,12,13,19,34,46
1,2,3,4,27,41,44,49
1,6,7,16,29,36,45,47
1,6,10,16,24,27,47,48
1,2,15,23,29,35,38,48
1,7,1,10,19,24,30,31
1,6,3,8,13,15,18,42
1,9,13,16,34,35,39,42
1,3,3,4,6,10,46,48
1,2,4,19,31,33,40,46
1,5,6,22,31,33,36,43
1,1,6,17,25,29,48,49
1,3,13,17,35,37,45,46
1,9,16,24,37,38,40,42
1,8,1,5,10,25,32,37
1,2,2,5,13,18,25,36
1,5,1,3,18,28,42,44
1,0,30,40,41,47,48,49
1,1,5,14,19,22,33,41
1,5,1,6,7,20,29,49
1,9,8,9,39,40,41,43
1,1,7,11,31,34,35,36
1,2,2,22,25,32,45,46
1,3,6,25,29,30,31,36
1,0,8,11,18,26,40,49
1,8,5,8,10,36,46,47
1,9,6,13,18,24,29,31
1,3,1,3,14,34,42,46
1,0,6,7,15,16,26,32
1,2,8,15,16,20,31,37
1,9,3,17,21,22,24,39
1,1,4,12,21,38,39,46
1,4,3,9,13,15,37,46
1,2,6,23,27,29,30,44
1,6,7,13,24,28,31,32
1,1,1,12,14,26,27,39
1,0,3,5,8,19,30,47
1,0,17,33,37,41,42,47
1,3,10,18,25,36,38,44
1,7,4,5,9,16,19,45
1,9,3,9,29,30,33,39
1,3,2,21,26,27,33,45
1,0,1,14,18,32,37,45
1,7,3,7,9,11,27,36
1,2,7,9,20,24,35,36
1,7,2,13,16,32,45,47
1,7,5,13,24,32,37,41
1,2,8,30,35,38,40,47
1,5,4,6,13,16,22,40
1,1,6,18,20,28,42,49
1,4,4,15,31,37,41,42
1,7,3,13,14,29,40,41
1,9,4,9,22,27,31,41
1,5,3,6,18,31,39,40
1,7,18,24,29,30,42,47
1,1,14,15,20,37,40,45
1,0,23,26,28,31,48,49
1,2,6,8,23,27,31,46
1,5,13,29,36,47,48,49
1,3,6,12,25,26,44,46
1,6,3,7,20,33,34,48
1,9,1,23,30,31,37,45
1,4,4,12,19,32,34,41
1,5,8,20,21,25,43,44
1,4,2,16,22,30,36,43
1,4,4,14,25,38,44,47
1,4,5,13,15,17,19,36
1,8,4,16,22,31,40,45
1,7,7,8,14,22,29,44
1,6,4,9,25,31,38,40
1,4,5,6,12,13,31,35
1,9,6,12,24,29,36,47
1,3,6,7,33,35,37,42
1,6,16,18,29,31,35,47
1,6,7,13,19,22,23,36
1,3,3,21,29,30,34,37
1,5,5,10,21,22,33,36
1,2,2,32,34,39,42,49
1,9,5,11,23,31,42,43
1,7,6,9,10,11,18,22
1,2,5,11,12,19,21,48
1,1,8,15,21,27,29,47
1,2,11,13,19,20,24,49
1,6,38,41,42,46,48,49
1,5,1,9,35,37,43,46
1,6,8,12,20,22,32,38
1,5,15,19,20,33,34,36
1,1,10,14,20,22,39,46
1,3,4,9,19,40,44,47
1,8,3,23,26,29,42,44
1,1,10,15,31,36,40,48
1,4,3,26,28,29,46,49
1,6,2,5,7,9,13,22
1,3,12,21,23,32,41,42
1,4,1,4,21,22,37,39
1,1,4,19,27,29,36,41
1,6,11,18,27,38,42,45
1,8,6,8,19,25,29,41
1,1,1,9,11,44,47,49
1,5,2,13,14,19,47,48
1,6,4,16,27,31,38,47
1,8,1,19,24,29,35,42
1,7,5,10,15,16,38,41
1,0,10,15,25,31,42,47
1,9,13,18,21,35,36,45
1,4,11,26,32,39,43,47
1,6,6,16,40,41,46,49
1,9,1,6,12,15,21,36
1,2,2,8,29,32,40,44
1,7,3,15,22,25,29,30
1,7,2,3,6,11,42,49
1,4,1,13,17,21,44,45
1,1,2,21,24,41,42,47
1,3,4,6,27,33,40,43
1,3,4,11,20,23,38,41
1,3,10,11,12,21,30,49
1,8,13,19,21,34,42,48
1,1,1,8,31,34,43,45
1,7,2,37,39,42,45,48
1,9,19,22,27,40,45,46
1,9,3,14,25,30,37,39
1,3,3,10,26,29,30,42
1,5,8,19,29,40,47,48
1,2,5,9,24,29,35,36
1,9,1,23,27,39,40,45
1,6,5,16,17,21,23,35
1,7,1,13,17,22,23,35
1,7,2,3,34,40,42,44
1,2,15,21,27,30,46,47
1,2,1,8,10,16,18,35
1,1,3,15,18,30,39,41
1,0,2,6,9,28,33,45
1,9,12,30,39,44,45,46
1,1,5,9,29,38,42,44
1,3,10,14,17,22,31,34
1,4,2,3,5,17,25,36
1,4,27,28,29,34,36,42
1,3,9,11,28,29,35,36
1,1,3,8,17,28,38,42
1,7,16,24,26,31,34,43
1,8,18,24,34,44,46,48
1,6,12,14,16,23,37,47
1,8,5,7,15,23,33,37
1,7,13,24,27,30,43,44
1,0,3,26,29,31,33,48
1,5,8,17,27,36,47,49
1,8,2,12,22,32,40,45
1,7,4,23,36,42,44,45
1,8,5,9,12,17,31,38
1,9,4,7,11,33,38,39
1,5,1,7,16,19,26,31
1,6,1,2,11,17,37,44
1,9,11,22,23,28,44,48
1,3,6,15,17,21,25,41
1,4,7,11,32,39,45,46
1,7,9,28,31,33,40,44
1,0,17,18,20,29,38,44
1,1,1,4,16,25,28,47
1,0,2,7,10,18,31,42
1,5,5,11,24,26,28,36
1,9,1,12,20,33,40,41
1,5,5,33,38,42,43,47
1,2,12,13,35,45,46,48
1,4,2,11,13,19,20,43
1,5,14,25,27,32,36,45
1,8,4,16,20,31,34,38
1,4,6,19,20,25,42,48
1,5,4,13,14,20,27,35
1,2,17,22,33,36,41,47
1,2,7,12,18,19,23,24
1,8,7,13,17,37,42,44
1,1,1,7,13,18,27,30
1,2,2,3,11,25,27,35
1,9,10,19,28,37,42,48
1,4,2,8,24,31,43,46
1,3,12,14,22,32,41,43
1,4,3,16,23,33,41,47
1,3,9,12,28,30,34,43
1,0,17,22,24,39,48,49
1,6,7,8,12,32,42,47
1,7,13,16,31,37,39,49
1,3,1,10,30,36,38,42
1,3,2,10,24,31,41,49
1,5,2,5,11,20,22,40
1,7,3,7,11,22,27,42
1,0,6,11,21,24,31,32
1,7,2,5,18,33,45,47
1,0,3,8,9,10,29,42
1,5,14,19,22,29,46,47
1,0,9,11,16,26,36,44
1,5,7,23,24,41,47,49
1,2,2,11,19,30,38,49
1,5,13,19,22,28,31,34
1,4,1,4,22,26,34,36
1,9,6,11,18,21,35,49
1,7,2,4,28,36,39,46
1,6,4,15,22,39,46,48
1,1,9,12,17,24,41,43
1,4,5,18,22,25,31,44
1,4,13,18,26,29,42,47
1,0,11,22,24,27,30,46
1,3,11,15,28,35,39,42
1,7,9,13,29,34,39,49
1,4,4,11,17,19,25,30
1,9,1,5,7,32,36,41
1,2,4,10,11,16,27,49
1,5,5,19,31,34,43,47
1,7,2,9,17,22,23,36
1,4,12,17,20,21,43,46
1,4,3,6,8,11,47,48
1,1,9,31,33,42,45,49
1,8,1,4,11,17,27,35
1,3,4,25,36,39,43,47
1,0,5,18,33,35,42,43
1,0,20,25,31,33,38,43
1,1,16,18,21,25,40,49
1,1,2,11,17,20,36,42
1,5,14,20,36,38,41,43
1,3,6,13,29,35,38,48
1,3,1,2,7,11,14,40
1,3,5,11,18,34,38,41
1,4,14,21,24,27,42,49
1,1,2,32,36,38,39,44
1,0,6,17,19,33,36,49
1,7,9,15,23,28,41,44
1,7,8,16,29,32,38,46
1,6,13,14,20,25,35,47
1,7,8,11,25,28,34,49
1,1,6,11,17,24,25,44
1,0,2,4,10,18,27,37
1,7,3,15,20,34,35,43
1,0,1,20,24,33,38,39
1,4,6,8,10,24,33,42
1,7,8,14,18,25,28,48
1,4,4,20,21,34,35,45
1,0,16,24,31,40,44,46
1,1,5,18,22,27,38,48
1,5,1,2,8,10,29,37
1,3,3,15,18,26,39,40
1,5,1,12,19,20,36,48
1,3,6,10,23,39,45,49
1,5,1,3,7,13,19,44
1,0,9,22,24,35,46,49
1,7,11,16,28,40,41,45
1,8,8,31,41,43,44,48
1,2,1,8,23,29,35,38
1,0,6,19,25,26,32,33
1,7,6,8,12,22,27,47
1,4,5,7,20,21,33,43
1,8,10,13,20,25,33,48
1,0,5,8,15,37,38,44
1,6,4,8,16,22,28,33
1,2,6,14,20,25,26,27
1,8,2,5,9,16,41,48
1,6,16,20,23,34,40,47
1,6,1,6,20,22,24,40
1,4,2,7,12,23,36,43
1,8,1,8,11,21,26,28
1,9,2,7,17,32,43,45
1,4,24,32,33,36,40,45
1,9,10,11,19,33,37,38
1,4,1,10,16,18,20,37
1,7,8,19,29,35,41,49
1,0,1,13,14,21,25,39
1,4,10,11,16,17,18,30
1,8,2,13,27,28,35,47
1,1,1,2,32,41,43,44
1,5,12,15,25,33,41,48
1,2,3,5,11,13,15,40
1,7,1,2,3,21,39,45
1,6,1,2,17,19,22,48
1,0,3,6,22,31,47,48
1,7,11,12,13,37,38,39
1,3,2,5,7,12,13,32
1,9,5,8,11,40,44,45
1,6,7,8,16,28,30,34
1,6,14,21,32,37,38,44
1,5,7,16,19,20,30,41
1,6,7,23,26,38,40,43
1,3,1,5,15,35,37,45
1,0,5,6,11,31,35,42
1,7,12,13,16,18,32,49
1,3,1,4,15,16,44,45
1,1,6,30,33,36,40,43
1,9,3,6,10,12,34,47
1,9,8,12,23,38,41,48
1,6,5,19,21,27,32,46
1,9,7,14,15,20,29,47
1,9,4,10,25,29,40,48
1,4,3,6,15,26,30,42
1,3,9,18,30,39,45,1
1,7,2,4,9,19,23,47
1,4,1,9,10,23,24,27
1,7,1,3,7,29,33,35
1,6,7,8,11,21,30,46
1,8,4,19,24,44,47,48
1,3,1,3,18,30,31,41
1,7,2,12,15,16,17,35
1,4,4,11,14,23,24,48
1,6,4,12,13,19,31,46
1,4,1,12,16,24,31,48
1,6,5,23,29,34,36,40
1,0,9,10,18,19,36,37
1,7,4,6,9,15,27,45
1,5,2,4,18,19,20,46
1,0,18,22,25,26,36,48
1,0,1,18,24,27,37,47
1,1,1,4,24,25,34,48
1,0,12,13,21,23,31,46
1,1,1,15,21,37,42,43
1,8,4,5,6,10,15,21
1,2,10,13,22,23,42,47
1,6,1,2,18,34,42,44
1,1,2,5,15,25,26,41
1,4,5,7,14,25,38,45
1,2,3,8,17,38,40,43
1,7,2,23,34,35,44,46
1,8,9,10,16,44,45,46
1,0,10,14,15,35,39,45
1,1,5,14,31,35,44,47
1,3,1,7,17,22,41,49
1,0,1,5,11,23,29,49
1,7,1,22,25,28,37,44
1,2,11,19,21,29,35,36
1,5,5,6,9,20,33,46
1,0,13,17,19,24,29,45
1,8,4,10,15,27,32,47
1,2,5,9,10,18,20,49
1,9,2,8,23,29,31,43
1,6,2,8,25,32,40,47
1,6,1,12,15,26,33,49
1,9,17,25,30,33,38,49
1,2,7,8,18,38,39,48
1,3,3,8,14,22,23,45
1,3,8,10,11,19,31,47
1,5,1,4,8,24,26,39
1,2,1,3,5,6,30,41
1,3,9,14,18,19,30,40
1,1,6,12,22,34,46,49
1,1,2,17,19,29,39,48
1,6,7,22,25,27,43,48
1,0,7,12,15,16,19,23
1,7,6,9,11,12,24,33
1,7,11,18,24,25,41,46
1,0,3,5,16,39,48,49
1,7,2,5,15,20,39,44
1,3,13,21,23,30,41,44
1,7,6,23,25,33,34,43
1,5,8,21,27,37,40,41
1,2,6,9,21,34,36,49
1,7,3,5,13,21,22,31
1,7,19,20,27,30,41,47
1,4,11,14,16,31,36,43
0,5,4,3,6,7,8,9
0,43,44,45,46,23,24,25
0,32,33,22,23,2,3,5
0,0,9,8,7,4,5,6
0,15,16,33,34,41,42,43
0,0,1,2,3,4,5,6
0,42,29,6,19,28,17,2
0,40,37,41,47,4,20,10
0,7,12,44,14,30,3,1
0,33,40,3,17,44,6,47
0,24,12,45,43,4,44,38
0,18,2,12,47,36,13,20
0,19,4,31,21,2,40,35
0,9,3,1,16,4,20,22
0,37,34,28,22,21,26,41
0,42,37,4,27,33,35,41
0,44,19,38,46,24,39,14
0,37,8,44,40,18,14,34
0,28,38,23,8,0,7,31
0,30,23,42,45,21,17,39
0,48,24,34,31,30,17,40
0,1,25,40,21,10,48,28
0,8,26,30,38,14,45,48
0,0,19,9,45,10,29,8
0,22,30,26,29,44,23,25
0,46,0,40,19,7,18,5
0,29,38,20,31,19,0,21
0,23,47,21,7,45,35,25
0,26,21,36,47,6,0,41
0,11,35,33,36,20,12,13
0,15,27,12,14,10,4,31
0,5,0,22,7,35,28,33
0,40,24,26,10,13,37,4
0,16,12,44,11,26,29,2
0,25,16,47,8,39,2,37
0,14,48,39,35,32,25,5
0,44,29,16,22,47,15,39
0,18,20,23,9,41,25,35
0,22,39,3,8,21,37,38
0,41,33,13,32,24,7,40
0,6,33,12,10,34,14,23
0,0,42,15,11,48,43,3
0,37,11,27,46,24,41,34
0,32,46,16,48,29,2,24
0,20,13,19,25,32,39,45
0,44,33,5,14,4,11,9
0,4,12,3,8,32,41,37
0,43,37,22,17,47,24,18
0,34,14,19,10,4,6,28
0,13,0,21,45,31,19,1
0,20,39,44,48,0,33,16
0,15,12,46,43,17,22,42
0,38,32,4,45,41,47,30
0,23,48,5,45,1,17,32
0,44,9,10,13,32,29,12
0,10,9,16,48,17,1,25
0,11,26,41,47,3,21,37
0,19,31,18,27,48,45,2
0,3,23,30,21,28,10,42
0,30,0,31,34,32,19,29
0,33,47,36,3,9,11,27
0,21,23,19,46,42,24,18
0,36,18,40,15,28,8,22
0,13,31,14,23,44,5,46
0,34,27,45,33,17,13,35
0,29,7,39,3,40,33,41
0,16,18,45,12,1,31,24
0,24,14,15,2,47,25,42
0,25,15,43,47,46,36,35
0,34,8,20,18,35,44,21
0,20,7,6,35,10,48,37
0,38,45,29,19,25,42,32
0,14,3,42,34,38,27,36
0,14,25,40,34,39,22,33
0,19,12,40,27,9,36,18
0,6,44,27,2,25,15,26
0,13,48,12,2,10,0,9
0,48,17,39,24,13,16,12
0,40,22,9,35,6,11,21
0,33,6,14,4,46,31,36
0,23,26,31,2,48,19,29
0,4,13,0,24,42,1,25
0,28,9,17,41,1,44,20
0,40,29,33,41,39,13,45
0,33,27,42,19,7,29,44
0,11,14,45,43,9,7,18
0,35,45,1,37,2,17,6
0,28,39,41,12,5,38,31
0,46,28,19,48,24,36,16
0,20,17,32,36,10,43,35
0,20,21,45,2,25,47,12
0,1,43,8,20,47,27,29
0,14,47,4,38,36,2,48
0,10,26,43,27,11,39,29
0,22,33,2,27,39,26,45
0,29,32,24,6,36,48,9
0,18,20,48,1,44,15,13
0,14,0,2,13,26,11,45
0,43,24,41,3,47,18,17
0,10,6,5,18,11,46,26
0,12,20,35,32,30,9,31
0,27,17,15,8,43,41,10
0,32,48,34,2,21,10,42
0,14,48,21,43,47,8,39
0,31,39,38,20,36,32,5
0,24,3,2,11,0,37,5
0,28,43,41,35,16,23,18
0,47,35,2,18,44,19,46
0,44,10,14,29,20,31,12
0,25,32,35,5,22,1,38
0,48,1,19,2,36,37,13
0,10,17,0,6,11,44,41
0,15,14,21,43,17,28,30
0,38,20,15,18,30,47,4
0,7,44,27,43,2,32,15
0,46,23,16,37,15,22,32
0,3,40,11,42,8,41,36
0,24,14,48,29,34,38,0
0,22,33,13,35,28,38,3
0,10,44,5,32,16,13,12
0,1,15,19,34,31,20,47
0,1,2,17,37,35,44,19
0,5,13,12,27,3,40,4
0,36,1,23,15,25,46,19
0,37,28,9,8,14,4,33
0,10,13,41,25,21,31,34
0,0,48,4,34,24,9,2
0,48,7,44,11,46,10,39
0,38,25,23,44,32,1,42
0,26,11,23,14,19,7,41
0,25,24,41,15,36,29,8
0,33,32,29,9,43,1,25
0,19,39,42,1,27,33,10
0,23,39,8,27,41,2,37
0,26,46,8,27,47,17,19
0,18,8,35,47,9,22,23
0,37,43,31,2,46,26,27
0,45,26,40,3,35,37,27
0,38,18,16,1,17,41,2
0,2,10,34,20,30,18,31
0,29,36,13,32,41,43,20
0,31,7,39,37,13,2,42
0,13,38,4,48,33,17,12
0,47,34,39,7,21,13,25
0,45,4,8,16,29,47,31
0,27,47,23,35,0,36,19
0,6,41,19,11,36,12,34
0,37,24,10,39,41,0,25
0,31,14,13,26,37,22,35
0,28,21,2,43,4,25,8
0,0,38,6,29,39,28,24
0,19,37,22,18,5,40,0
0,37,4,38,9,29,41,8
0,13,18,35,0,7,44,9
0,39,46,14,1,7,40,19
0,5,20,4,45,43,29,37
0,9,42,5,18,6,23,4
0,39,34,2,29,43,13,18
0,30,31,44,47,11,23,12
0,28,21,16,45,8,3,24
0,44,35,22,19,30,25,5
0,29,14,24,40,10,28,8
0,19,25,8,45,36,11,29
0,35,2,33,19,31,34,20
0,19,4,2,33,42,17,11
0,25,10,45,12,41,1,43
0,21,20,7,38,33,48,13
0,36,12,22,14,11,41,31
0,18,39,26,16,30,0,23
0,23,47,14,26,13,45,29
0,5,27,3,36,42,39,1
0,33,41,8,3,25,5,30
0,16,33,38,7,30,17,5
0,5,22,20,42,8,2,44
0,18,14,48,25,33,31,24
0,20,16,33,11,41,1,36
0,0,40,48,46,41,11,42
0,1,43,28,30,8,6,25
0,34,4,2,29,28,16,21
0,30,32,27,40,5,1,6
0,45,9,29,33,38,24,35
0,14,36,34,17,6,11,9
0,25,5,10,18,21,20,13
0,11,47,31,27,8,4,5
0,44,0,4,26,36,24,16
0,0,26,27,15,30,29,9
0,32,4,28,25,30,34,38
0,13,27,30,25,46,5,38
0,22,7,19,44,15,28,42
0,32,18,9,12,40,10,17
0,33,24,12,35,9,30,25
0,32,38,1,21,4,18,39
0,5,47,3,23,22,16,29
0,12,26,14,27,43,46,48
0,29,42,30,23,19,1,9
0,16,48,34,29,45,43,2
0,34,25,19,47,46,38,43
0,48,12,41,32,6,8,21
0,29,42,11,7,48,21,27
0,7,12,26,46,24,22,31
0,47,24,37,2,10,40,9
0,24,8,42,34,9,40,1
0,12,44,21,45,11,43,20
0,43,19,21,26,0,31,9
0,3,21,30,45,13,44,35
0,26,1,45,34,24,28,5
0,5,20,33,45,16,6,44
0,6,19,4,23,25,43,34
0,9,12,43,22,1,38,19
0,45,24,36,25,6,9,10
0,18,34,46,3,8,15,6
0,28,11,39,24,22,29,31
0,21,45,34,35,6,17,19
0,12,5,39,4,43,19,17
0,47,37,8,46,9,31,24
0,47,24,45,11,43,19,32
0,24,3,28,47,36,27,5
0,0,29,10,28,44,24,48
0,39,33,4,5,38,31,13
0,30,22,17,45,10,38,41
0,10,30,17,13,8,26,42
0,26,1,2,37,43,34,44
0,45,5,18,21,12,4,10
0,31,11,28,0,21,33,43
0,19,44,27,30,13,15,40
0,40,35,20,43,10,30,5
0,8,1,25,7,48,36,22
0,2,39,12,1,47,11,17
0,17,27,3,25,0,46,12
0,43,3,10,31,18,23,35
0,6,31,28,0,41,7,32
0,1,15,5,43,12,22,8
0,29,23,17,26,36,27,19
0,47,19,20,35,10,28,12
0,25,26,5,0,18,11,7
0,20,48,24,11,21,3,31
0,0,44,31,37,2,6,18
0,1,30,27,3,15,38,23
0,0,13,4,22,15,40,17
0,18,10,19,33,47,28,37
0,1,25,17,37,15,29,23
0,22,17,46,26,4,3,32
0,10,35,14,7,41,19,5
0,5,11,26,21,2,10,18
0,42,26,0,9,29,8,17
0,1,32,12,33,25,39,9
0,11,45,10,39,28,16,7
0,2,29,1,19,45,42,8
0,48,47,44,28,19,26,13
0,29,26,46,37,4,41,11
0,17,6,5,18,28,38,35
0,28,0,6,14,2,15,29
0,15,39,1,19,4,28,35
0,6,15,44,42,0,31,37
0,9,40,0,32,4,28,38
0,14,32,9,16,17,42,23
0,22,34,9,17,31,11,38
0,14,0,1,9,13,2,40
0,13,27,11,34,41,37,47
0,13,35,21,37,25,48,44
0,41,24,3,14,1,9,38
0,37,35,2,44,9,34,25
0,9,16,8,7,24,11,23
0,9,0,24,40,21,29,23
0,46,33,29,13,38,12,15
0,8,1,33,37,7,27,22
0,1,37,17,44,27,39,6
0,18,39,38,8,30,35,0
0,42,4,33,47,30,34,44
0,26,0,14,23,8,25,40
0,9,1,39,3,7,6,29
0,11,2,29,34,25,20,5
0,11,43,27,20,17,18,21
0,32,31,34,38,12,21,5
0,41,18,31,34,26,32,17
0,8,38,41,28,19,47,35
0,23,14,31,44,13,6,12
0,36,23,12,33,18,32,40
0,11,22,48,7,29,25,19
0,22,9,43,35,30,10,19
0,26,23,42,22,15,7,43
0,17,12,26,19,35,10,44
0,41,38,19,29,2,35,36
0,47,45,8,32,12,39,17
0,9,27,0,38,48,42,34
0,1,19,44,31,47,43,23
0,10,22,44,21,43,33,48
0,35,1,8,6,29,9,38
0,28,9,27,19,21,42,7
0,28,8,44,12,36,16,11
0,47,13,7,11,19,10,1
0,21,2,3,13,44,22,45
0,22,9,23,31,26,25,37
0,29,38,47,34,28,12,39
0,24,46,5,37,6,1,16
0,3,16,28,44,41,14,19
0,33,37,42,0,23,20,15
0,6,5,29,39,11,25,43
0,38,30,25,31,23,7,16
0,27,8,9,36,19,48,22
0,0,24,31,29,35,7,42
0,12,6,48,23,46,9,42
0,19,18,20,10,15,23,12
0,6,1,30,5,20,29,32
0,34,9,17,25,5,18,24
0,3,21,11,4,18,45,41
0,21,33,0,14,20,18,13
0,10,7,8,16,14,6,35
0,33,20,25,18,40,15,31
0,5,4,41,7,42,34,16
0,48,25,29,23,13,26,18
0,1,31,22,10,7,32,27
0,16,9,27,14,47,1,40
0,6,17,31,48,36,32,7
0,33,1,14,22,36,30,4
0,45,25,26,12,37,44,9
0,8,14,30,0,15,10,4
0,16,32,10,36,8,47,21
0,28,20,21,18,32,34,5
0,22,38,32,47,3,26,8
0,15,19,33,29,42,12,17
0,17,44,11,33,0,42,38
0,39,8,28,6,25,4,27
0,48,18,5,44,36,7,33
0,7,3,23,26,38,41,20
0,42,12,32,22,39,30,11
0,45,41,4,48,16,43,18
0,34,30,15,8,9,12,16
0,10,7,38,19,34,15,11
0,11,20,0,19,6,44,16
0,6,2,30,19,12,34,24
0,45,1,14,42,37,20,6
0,27,1,36,45,20,2,0
0,18,14,34,5,21,29,3
0,18,8,41,24,44,15,4
0,2,38,41,9,6,44,17
0,7,11,36,20,24,40,31
0,15,21,23,28,8,32,48
0,37,48,26,20,39,29,36
0,17,20,3,27,18,5,24
0,33,16,12,22,19,8,10
0,24,44,16,38,34,1,7
0,11,14,34,42,46,31,47
0,39,18,33,4,32,31,7
0,45,36,26,28,9,37,41
0,30,4,12,10,25,42,34
0,45,29,18,28,38,44,31
0,28,43,44,33,31,13,23
0,47,46,7,43,4,32,12
0,11,0,26,15,31,39,28
0,32,44,39,5,23,31,36
0,1,33,3,36,6,9,29
0,7,48,40,29,26,24,17
0,16,28,44,19,2,36,40
0,16,35,5,23,13,0,10
0,39,4,19,29,41,44,42
0,0,9,25,10,39,30,41
0,22,25,32,13,34,7,27
0,7,21,1,23,46,47,4
0,21,39,6,26,14,38,10
0,17,18,14,11,12,38,9
0,24,13,8,44,14,43,21
0,44,35,34,4,46,26,2
0,6,22,33,43,31,36,20
0,46,41,18,13,32,30,2
0,41,47,27,17,19,44,45
0,3,28,35,34,20,14,24
0,20,1,6,40,7,21,36
0,9,16,2,0,46,11,36
0,22,17,13,2,48,37,44
0,13,36,30,43,5,42,2
0,4,7,12,43,42,18,6
0,9,2,11,42,48,15,28
0,30,25,32,2,34,21,27
0,30,18,36,32,47,16,8
0,30,23,16,21,48,12,44
0,2,0,46,42,10,1,3
0,47,14,48,15,2,12,0
0,48,30,31,26,8,46,41
0,37,9,39,2,7,40,0
0,28,2,20,17,24,15,47
0,26,19,28,36,11,38,8
0,36,40,7,34,39,11,42
0,14,47,11,41,27,21,12
0,35,40,43,9,11,32,29
0,26,21,4,11,23,29,7
0,21,29,9,42,36,6,35
0,2,25,11,22,41,39,43
0,43,21,32,15,7,14,19
0,25,28,48,9,7,40,27
0,14,44,26,3,18,21,27
0,9,41,37,0,29,31,46
0,23,10,39,25,38,28,8
0,31,22,28,18,48,4,46
0,41,0,12,29,18,47,42
0,38,39,23,46,30,7,1
0,20,30,9,26,2,1,37
0,8,40,6,44,27,10,48
0,30,7,3,32,29,4,37
0,8,16,27,20,17,34,4
0,45,11,16,21,32,36,23
0,35,34,14,7,6,3,0
0,5,36,20,40,26,11,42
0,11,26,31,19,29,10,43
0,31,33,24,0,19,3,20
0,14,17,41,24,23,11,28
0,37,6,44,11,32,33,5
0,48,44,22,9,28,27,37
0,4,35,34,26,15,46,25
0,29,39,4,20,45,28,31
0,39,10,7,2,26,23,31
0,26,35,5,17,28,2,15
0,25,30,35,33,28,11,37
0,7,5,46,12,27,39,10
0,1,26,29,45,46,6,20
0,3,46,28,48,16,21,47
0,19,27,30,37,47,40,39
0,23,25,4,10,15,11,24
0,26,43,16,47,17,0,15
0,12,22,0,14,37,19,44
0,48,17,47,22,16,40,23
0,37,43,46,18,19,2,8
0,40,29,36,6,42,44,46
0,18,24,31,19,28,21,14
0,33,31,45,44,21,42,9
0,43,17,30,35,8,28,22
0,48,43,47,7,9,23,19
0,39,41,40,26,32,29,24
0,42,23,2,19,17,24,8
0,1,46,7,3,14,0,17
0,19,7,17,5,23,0,35
0,8,42,26,2,48,7,39
0,48,5,36,14,21,33,42
0,33,14,18,31,47,39,20
0,48,42,30,1,9,47,18
0,19,12,27,37,5,20,4
0,36,37,10,28,0,31,39
0,15,8,3,4,26,29,36
0,39,13,29,42,16,17,22
0,44,17,13,14,23,12,6
0,22,29,31,38,36,45,27
0,36,7,0,26,46,32,4
0,16,42,36,23,8,33,32
0,34,43,29,5,26,3,4
0,31,34,29,42,9,7,1
0,25,17,45,7,16,27,3
0,41,13,2,40,39,48,3
0,14,22,31,1,23,16,44
0,46,26,31,6,41,17,12
0,43,11,35,39,28,14,23
0,17,15,29,9,35,32,21
0,24,16,36,41,38,28,31
0,0,16,40,47,41,33,13
0,37,3,32,40,4,42,34
0,9,15,13,0,37,1,16
0,40,22,41,9,3,34,8
0,1,43,0,11,39,21,44
0,9,2,41,44,48,28,36
0,14,24,43,32,7,48,44
0,35,39,6,7,20,34,12
0,41,26,35,12,46,38,40
0,34,21,10,45,40,18,42
0,15,18,20,48,31,23,29
0,11,27,29,15,34,2,22
0,20,48,43,45,34,5,14
0,25,35,29,26,24,10,30
0,14,31,43,35,11,16,44
0,36,1,0,42,23,20,17
0,19,40,1,18,3,36,35
0,47,11,40,34,10,29,25
0,19,1,7,0,8,2,40
0,11,20,40,17,33,14,19
0,26,36,30,0,37,44,4
0,5,38,1,26,30,13,14
0,10,5,48,7,45,20,12
0,32,43,2,13,21,12,35
0,27,32,37,17,34,13,19
0,42,44,48,26,37,8,6
0,45,37,47,36,22,35,24
0,5,41,37,22,35,12,9
0,46,18,42,9,13,34,30
0,5,36,18,47,11,32,4
0,38,39,4,45,6,44,36
0,16,0,37,8,40,22,32
0,29,18,45,27,46,39,21
0,48,38,22,7,13,46,20
0,9,38,3,40,5,32,26
0,11,47,26,48,25,27,6
0,33,10,22,27,9,0,24
0,29,30,4,15,42,18,6
0,40,34,36,6,10,14,22
0,2,46,23,22,37,43,34
0,39,32,44,7,34,35,33
0,22,24,38,18,39,35,25
0,16,32,1,24,38,0,3
0,10,15,22,30,9,13,42
0,48,23,15,27,3,31,21
0,9,46,41,10,32,12,7
0,17,18,31,21,20,39,42
0,36,39,47,23,9,46,38
0,34,32,19,24,45,38,35
0,25,18,39,32,43,10,5
0,30,37,33,27,6,34,26
0,3,24,8,25,29,9,1
0,5,46,0,29,44,28,42
0,39,16,37,2,26,11,4
0,31,4,0,48,30,24,16
0,16,36,47,4,32,9,46
0,6,22,2,3,24,40,20
0,3,11,41,48,21,17,33
0,23,18,22,47,37,9,31
0,14,28,48,26,10,0,20
0,10,47,39,37,33,9,16
0,8,12,23,6,35,26,33
0,2,31,6,19,38,43,44
0,28,39,8,27,30,34,32
0,26,4,32,33,22,6,39
0,29,4,18,36,21,12,7
0,19,30,21,12,20,2,1
0,7,4,45,10,14,13,30
0,18,24,17,39,5,20,28
0,17,24,39,22,45,48,47
0,34,15,25,2,45,46,26
0,14,12,46,7,30,15,33
0,15,29,21,18,41,42,2
0,45,23,1,43,35,26,14
0,31,28,21,26,6,12,44
0,6,30,2,27,1,32,46
0,26,28,33,25,16,17,40
0,0,26,46,1,44,4,13
0,22,14,18,7,4,40,39
0,31,13,2,27,1,15,40
0,2,36,33,27,48,41,26
0,35,8,43,47,1,29,41
0,32,28,8,39,11,16,17
0,16,36,23,4,44,8,32
0,32,36,17,44,35,37,38
0,14,11,4,22,32,39,36
0,1,46,12,36,42,7,14
0,14,39,3,38,23,6,17
0,47,11,27,38,42,34,13
0,27,2,48,23,41,29,40
0,38,27,17,36,3,31,21
0,13,44,29,43,27,30,24
0,35,24,2,26,27,21,1
0,16,36,46,47,6,37,24
0,30,40,21,32,18,42,33
0,21,42,40,4,47,2,18
0,3,37,47,42,29,36,17
0,20,23,36,31,3,5,47
0,2,47,42,30,27,3,11
0,24,48,23,31,3,41,36
0,45,3,33,27,37,36,2
0,26,21,10,30,11,0,9
0,26,21,27,15,48,40,39
0,38,36,11,7,39,42,19
0,21,41,15,14,34,33,39
0,12,24,39,36,0,1,45
0,10,38,8,0,26,19,16
0,31,44,14,28,17,23,2
0,22,35,43,25,46,17,37
0,48,34,41,16,46,17,15
0,47,2,36,27,23,13,15
0,27,5,30,33,37,46,41
0,43,19,26,14,47,6,16
0,6,37,26,4,38,8,44
0,2,28,22,11,26,27,6
0,13,0,48,12,40,46,45
0,11,43,7,29,23,3,41
0,28,31,26,14,11,44,42
0,25,17,15,30,35,24,12
0,43,25,8,44,46,31,0
0,28,5,18,34,8,24,0
0,35,18,43,26,13,24,22
0,44,35,8,2,42,14,21
0,26,47,40,12,38,44,23
0,20,0,18,4,23,39,48
0,32,33,24,12,22,1,11
0,46,44,13,39,25,21,47
0,26,16,6,12,30,29,43
0,8,32,45,13,25,16,38
0,19,15,40,44,36,39,0
0,11,16,29,48,6,18,47
0,14,34,6,8,48,41,20
0,6,46,37,13,22,12,29
0,28,34,44,36,12,18,3
0,21,3,31,47,11,39,26
0,41,14,44,39,24,47,28
0,26,6,17,10,36,31,43
0,6,46,14,4,24,25,36
0,28,24,23,39,16,0,2
0,43,32,1,16,27,12,47
0,21,37,32,41,46,45,19
0,43,8,7,28,44,21,27
0,24,41,17,31,30,4,15
0,7,12,44,32,43,29,0
0,44,39,25,32,45,6,31
0,2,30,40,1,25,37,15
0,34,13,1,43,8,10,42
0,3,32,22,26,19,14,9
0,33,22,15,24,0,43,5
0,9,44,20,0,18,38,48
0,34,11,45,30,14,25,2
0,40,26,21,45,46,23,16
0,2,35,8,38,12,22,13
0,34,47,24,6,42,38,39
0,15,48,5,19,31,46,35
0,47,29,5,41,14,15,1
0,17,19,43,41,29,8,16
0,6,3,28,26,39,19,23
0,8,10,47,21,39,14,4
0,14,28,48,32,8,31,27
0,13,9,47,21,43,42,2
0,18,47,29,39,42,37,40
0,43,21,19,7,39,15,35
0,41,4,33,26,19,40,11
0,13,48,27,20,21,8,12
0,11,7,35,28,22,31,38
0,30,8,41,25,13,36,38
0,28,48,44,4,27,46,18
0,41,16,14,21,15,31,2
0,9,12,20,30,40,10,16
0,34,17,41,31,30,33,29
0,39,20,19,10,2,43,9
0,40,0,36,10,32,33,23
0,44,3,14,42,31,0,18
0,47,29,14,23,6,30,24
0,37,44,1,25,14,18,19
0,11,26,5,14,36,47,15
0,37,46,42,7,10,31,8
0,47,26,36,21,15,30,17
0,16,19,28,34,37,46,9
0,34,16,47,41,38,13,15
0,21,45,11,34,1,14,31
0,28,46,27,37,20,33,24
0,18,7,2,25,37,11,12
0,6,23,44,14,30,21,9
0,22,1,18,5,7,2,26
0,8,16,37,45,15,12,40
0,17,20,25,6,31,43,26
0,20,15,32,35,2,17,29
0,24,19,14,23,17,26,36
0,40,9,8,5,32,12,15
0,24,2,40,32,29,48,9
0,21,41,42,19,28,0,12
0,4,15,16,30,26,13,5
0,20,27,21,32,0,30,16
0,10,26,33,7,4,40,8
0,6,1,41,2,24,42,48
0,48,11,45,7,18,26,5
0,19,17,1,39,43,9,7
0,28,5,14,18,16,40,10
0,48,34,33,8,30,12,37
0,20,45,16,9,7,31,34
0,34,31,11,43,15,46,32
0,14,5,13,31,47,6,19
0,2,43,22,17,38,3,48
0,23,46,10,41,7,29,35
0,33,37,20,35,17,9,24
0,1,32,31,19,10,33,28
0,47,20,23,27,34,31,36
0,30,48,38,41,40,34,29
0,23,32,36,31,12,22,34
0,37,46,23,13,39,18,45
0,16,30,15,5,43,19,17
0,36,17,31,45,44,39,15
0,30,26,32,36,17,3,29
0,25,5,44,30,24,31,17
0,31,2,30,24,22,27,7
0,40,4,25,38,31,18,16
0,42,48,22,5,37,26,1
0,35,0,3,10,17,21,24
0,17,3,35,8,45,0,30
0,34,29,6,40,28,3,36
0,35,16,12,26,25,46,6
0,34,35,45,46,2,22,39
0,21,31,35,44,27,20,46
0,29,6,38,20,16,14,47
0,48,25,46,32,1,35,39
0,29,40,31,7,1,13,15
0,24,31,4,13,33,3,8
0,33,25,20,31,8,37,2
0,33,7,46,26,19,45,36
0,44,22,19,5,12,46,16
0,18,48,11,26,30,28,3
0,12,47,19,17,45,25,1
0,11,39,27,38,33,10,36
0,16,13,23,27,11,3,37
0,18,43,23,27,15,34,31
0,13,46,9,4,21,22,11
0,37,17,24,30,31,19,42
0,22,29,4,16,35,9,33
0,42,7,39,14,43,28,10
0,44,32,14,38,8,46,5
0,15,10,46,39,20,40,29
0,20,29,35,8,10,0,47
0,30,48,36,39,28,47,2
0,39,9,47,42,2,46,35
0,15,24,44,12,19,31,22
0,26,29,14,8,12,4,37
0,30,46,7,5,17,11,35
0,3,2,1,48,11,24,20
0,11,34,45,3,22,33,13
0,5,48,29,32,21,33,30
0,33,16,46,24,32,6,37
0,10,29,23,31,27,20,4
0,41,37,9,24,32,13,34
0,45,34,46,26,16,8,2
0,12,38,1,44,13,27,11
0,26,8,28,16,31,32,24
0,12,30,0,16,1,45,32
0,44,28,18,29,27,16,12
0,16,43,47,0,41,2,29
0,24,10,43,47,31,21,32
0,17,41,30,20,10,24,47
0,26,15,6,2,41,21,19
0,46,43,31,30,3,29,40
0,47,27,23,40,4,16,9
0,20,43,23,7,6,39,2
0,10,26,0,15,45,46,2
0,13,28,1,32,42,26,29
0,32,3,26,9,38,16,27
0,3,43,23,37,2,34,44
0,10,1,14,15,16,32,7
0,3,29,28,47,41,13,20
0,29,46,34,7,26,40,18
0,31,11,32,22,44,16,25
0,29,45,14,43,34,24,47
0,29,12,47,26,30,16,41
0,40,24,4,31,13,3,37
0,30,19,7,43,42,41,45
0,31,43,2,44,37,28,4
0,37,8,4,13,26,27,41
0,10,3,44,27,14,20,39
0,30,19,22,21,38,42,46
0,4,27,40,14,8,43,46
0,25,1,39,43,32,7,35
0,1,47,9,12,39,21,8
0,11,23,10,27,48,25,14
0,40,6,4,46,43,19,0
0,39,6,21,19,44,18,28
0,25,32,29,31,7,20,28
0,6,39,1,33,45,40,36
0,24,12,41,6,0,40,28
0,39,12,23,13,42,19,34
0,15,25,47,39,13,16,5
0,3,22,0,5,9,45,12
0,9,3,26,8,19,2,46
0,8,47,35,42,30,7,1
0,11,4,22,46,16,21,30
0,11,35,40,43,5,32,4
0,36,22,11,16,34,1,21
0,1,41,19,35,13,21,45
0,11,47,19,23,43,3,4
0,7,30,28,34,1,14,11
0,17,47,34,30,45,16,29
0,13,27,8,30,2,37,12
0,24,8,2,29,16,3,41
0,33,11,24,5,41,45,18
0,3,29,45,43,34,19,30
0,46,25,5,9,27,44,7
0,45,27,28,31,3,34,12
0,14,12,20,40,31,43,21
0,43,31,8,12,3,20,26
0,20,34,44,14,9,22,47
0,19,31,9,41,8,3,34
0,1,7,44,11,34,2,15
0,2,8,10,27,16,11,45
0,34,1,7,0,39,42,38
0,19,28,43,37,27,17,5
0,37,28,39,34,11,23,6
0,19,9,44,1,4,27,41
0,22,39,14,26,48,28,30
0,23,36,42,48,21,37,34
0,23,25,5,31,21,41,32
0,10,6,11,22,38,44,20
0,44,45,43,8,37,18,40
0,28,46,47,30,21,38,42
0,40,43,12,42,45,17,28
0,30,18,21,40,2,0,26
0,36,4,18,21,25,42,22
0,15,23,11,36,38,2,12
0,21,41,6,19,47,42,9
0,0,1,39,24,43,13,41
0,26,21,42,15,9,0,31
0,47,38,29,40,18,22,44
0,9,30,42,46,20,1,26
0,21,9,5,27,15,10,8
0,47,48,37,24,30,25,33
0,31,19,7,3,1,18,34
0,12,13,10,42,18,0,43
0,1,45,46,15,26,44,9
0,21,6,38,37,24,18,35
0,11,26,6,43,39,20,1
0,9,25,33,13,28,46,21
0,28,23,21,7,5,33,4
0,41,25,31,20,24,35,30
0,5,3,31,1,22,10,43
0,47,17,16,46,22,2,43
0,18,27,21,1,12,29,26
0,42,0,43,16,34,48,6
0,5,31,40,17,11,4,16
0,27,1,4,33,25,7,29
0,39,45,21,16,25,9,46
0,19,35,20,29,48,12,38
0,35,38,47,1,2,16,33
0,18,33,41,9,27,2,43
